CREATE TABLE IF NOT EXISTS dummy_invoice (
  name         varchar(64) not null,
  surname      varchar(64) not null,
  email        varchar(64) not null,
  student_id   varchar(64) not null,
  invoice_id   varchar(64) not null,
  amount       numeric     not null,
  date         date        not null,
  message      varchar(64),
  account_type char(3)     not null
);

INSERT INTO dummy_invoice (name, surname, email, student_id, invoice_id, amount, date, message, account_type) VALUES
       ('Rageeb', 'Mahtab', 'rageeb@decenture.com', 'STID0001', 'DE0001', 7700, '2018-10-01', null, 'END'),
       ('Rageeb', 'Mahtab', 'rageeb@decenture.com', 'STID0001', 'DE0002', 5000, '2018-10-09', null, 'RMB'),
       ('Rageeb', 'Mahtab', 'rageeb@decenture.com', 'STID0001', 'E0003', 2800, '2018-10-15', null, 'TUT'),
       ('George', 'Benton', 'gbenton@decenture.com', 'STID0002', 'E0004', 200, '2018-10-01', null, 'END'),
       ('George', 'Benton', 'gbenton@decenture.com', 'STID0002', 'DE0005', 9100, '2018-10-09', null, 'RMB'),
       ('George', 'Benton', 'gbenton@decenture.com', 'STID0002', 'E0006', 500, '2018-10-15', null, 'TUT'),
       ('Emmanuel', 'Young', 'eyoung@decenture.com', 'STID0003', 'E0007', 2000, '2018-10-01', null, 'END'),
       ('Emmanuel', 'Young', 'eyoung@decenture.com', 'STID0003', 'DE0008', 4400, '2018-10-09', null, 'RMB'),
       ('Emmanuel', 'Young', 'eyoung@decenture.com', 'STID0003', 'DE0009', 9800, '2018-10-15', null, 'TUT'),
       ('Euclid', 'D Souza', 'edsouza@decenture.com', 'STID0004', 'DE0010', 7000, '2018-10-01', null, 'END'),
       ('Euclid', 'D Souza', 'edsouza@decenture.com', 'STID0004', 'E0011', 3800, '2018-10-09', null, 'RMB'),
       ('Euclid', 'D Souza', 'edsouza@decenture.com', 'STID0004', 'DE0012', 4800, '2018-10-15', null, 'TUT'),
       ('Loubna', 'Hadid', 'lhadid@decenture.com', 'STID0005', 'DE0013', 5100, '2018-10-01', null, 'END'),
       ('Loubna', 'Hadid', 'lhadid@decenture.com', 'STID0005', 'E0014', 2900, '2018-10-09', null, 'RMB'),
       ('Loubna', 'Hadid', 'lhadid@decenture.com', 'STID0005', 'DE0015', 4300, '2018-10-15', null, 'TUT'),
       ('Walid', 'Hadid', 'walid@decenture.com', 'STID0006', 'E0016', 3700, '2018-10-01', null, 'END'),
       ('Walid', 'Hadid', 'walid@decenture.com', 'STID0006', 'DE0017', 3900, '2018-10-09', null, 'RMB'),
       ('Walid', 'Hadid', 'walid@decenture.com', 'STID0006', 'DE0018', 8400, '2018-10-15', null, 'TUT'),
       ('Harry', 'Potter', 'harry.potter@hogwarts.magic.uk', 'STID0007', 'DE0019', 8600, '2018-10-01', null, 'END'),
       ('Harry', 'Potter', 'harry.potter@hogwarts.magic.uk', 'STID0007', 'E0020', 2500, '2018-10-09', null, 'RMB'),
       ('Harry', 'Potter', 'harry.potter@hogwarts.magic.uk', 'STID0007', 'DE0021', 5600, '2018-10-15', null, 'TUT'),
       ('Hermione', 'Granger', 'hermione.granger@hogwarts.magic.uk', 'STID0008', 'E0022', 4900, '2018-10-01', null, 'END'),
       ('Hermione', 'Granger', 'hermione.granger@hogwarts.magic.uk', 'STID0008', 'DE0023', 6200, '2018-10-09', null, 'RMB'),
       ('Hermione', 'Granger', 'hermione.granger@hogwarts.magic.uk', 'STID0008', 'DE0024', 8100, '2018-10-15', null, 'TUT'),
       ('Ron', 'Weasley', 'ron.weasley@hogwarts.magic.uk', 'STID0009', 'E0025', 1300, '2018-10-01', null, 'END'),
       ('Ron', 'Weasley', 'ron.weasley@hogwarts.magic.uk', 'STID0009', 'E0026 ', 200, '2018-10-09', null, 'RMB'),
       ('Ron', 'Weasley', 'ron.weasley@hogwarts.magic.uk', 'STID0009', 'DE0027', 7300, '2018-10-15', null, 'TUT'),
       -- The New School --
       ('The New', 'School', 'thenewschool@decenture.com', 'STID0010', 'E0027', 800,   '2019-00-05', null, 'END'),
       ('The New', 'School', 'thenewschool@decenture.com', 'STID0010', 'DE0028', 1300, '2019-00-05', null, 'RMB'),
       ('The New', 'School', 'thenewschool@decenture.com', 'STID0010', 'DE0029', 2100, '2019-00-05', null, 'TUT');


INSERT INTO app_user (id, email, password, token, status_id, role_id, entry_date, close_date) VALUES
       ('61180ba7-5997-4ec3-9646-5288b0404629', 'uk-magic@magic.uk', '356a192b7913b04c54574d18c28d46e6395428ab', 'ccc06508-8cf4-4001-800b-df17e23f07bb', 1, 4, '2018-10-17 09:29:00.246904', null),
       ('0d48cbbd-970e-406c-a3c8-2ddde4b12130', 'hogwarts@hogwarts.magic.uk', '356a192b7913b04c54574d18c28d46e6395428ab', '06d83a70-e98e-4817-8cf4-655edf8004f4', 1, 2, '2018-10-17 09:29:00.282826', null),
       ('c6c240d0-6270-4809-9868-e259ea03276a', 'ilvermorny@ilvermorny.magic.us', '356a192b7913b04c54574d18c28d46e6395428ab', 'c3916714-d8a5-4cf1-9b38-c207b8ea5c43', 0, 2, '2018-10-17 09:29:00.325751', null),
       ('eadd4922-fc58-4697-9b23-d2160ab505e4', 'harry.potter@hogwarts.magic.uk', '356a192b7913b04c54574d18c28d46e6395428ab', 'd70169d5-c7c1-4f3d-bb47-d1b49abf17ae', 1, 1, '2018-10-17 09:29:00.416542', null),
       ('47988b94-50c7-4b12-b3c4-6e86676e6e1f', 'hermione.granger@hogwarts.magic.uk', '356a192b7913b04c54574d18c28d46e6395428ab', '77787ebe-5875-4476-a9fe-1dbe2723fc95', 1, 1, '2018-10-17 09:29:00.416542', null),
       ('df163a56-0c9d-4b64-aa97-81925a7f91ae', 'ron.weasley@hogwarts.magic.uk', '356a192b7913b04c54574d18c28d46e6395428ab', 'ac09c0c0-1293-4340-8888-d4a231a2c58b', 1, 1, '2018-10-17 09:29:00.416542', null),
       ('c7b0399e-7e3a-45bd-972a-239bc8386ac6', 'eyoung@decenture.com', '356a192b7913b04c54574d18c28d46e6395428ab', '12b02bce-d855-4197-92de-f403af2d7fcf', 1, 1, '2018-11-01 17:45:33.579714', null),
       ('eac4fe9a-58ec-43af-98ad-03f9a61fd8db', 'edsouza@decenture.com', '356a192b7913b04c54574d18c28d46e6395428ab', '24fc01a1-9597-4141-87bc-7bd687895c19', 1, 1, '2018-11-01 17:45:33.579714', null),
       ('d43a29c0-b704-4466-bd38-326771c00549', 'lhadid@decenture.com', '356a192b7913b04c54574d18c28d46e6395428ab', 'f6e822fd-ddc1-4850-9552-95f3549a2564', 1, 1, '2018-11-01 17:45:33.579714', null),
       ('9a5e10fb-5518-46e9-aeec-117bc7f34933', 'walid@decenture.com', '356a192b7913b04c54574d18c28d46e6395428ab', 'ca06624f-12c0-4576-90e0-9b1b6925b091', 1, 1, '2018-11-01 17:45:33.579714', null),
       ('bcf85f27-a76b-4143-9c1a-ce546831326d', 'rageeb@decenture.com', '356a192b7913b04c54574d18c28d46e6395428ab', '6aa112b7-2b53-433d-97b8-50a424aad476', 1, 1, '2018-11-01 17:45:33.579714', null),
       ('f1d7c74c-95df-4fda-951f-7f76d1aaa4fa', 'gbenton@decenture.com', '356a192b7913b04c54574d18c28d46e6395428ab', '3060584e-4a54-4378-a780-1ea15e54976b', 1, 1, '2018-11-01 17:45:33.579714', null),
       -- The New School
       ('d749eb49-1277-4456-80ac-934bc7e09f5d', 'thenewschool@decenture.com', '356a192b7913b04c54574d18c28d46e6395428ab', '30174ccb-6516-4506-a4eb-c61d67e84a9c', 1, 1, '2019-02-06 11:39:45.032969', null),
       -- 10 more...
       ('19196259-ec6a-4b24-8fe6-01f5aa5ec074', 'test1@decenture.com', '356a192b7913b04c54574d18c28d46e6395428ab', '5d1de7d7-091e-4e7b-808e-c4608440686a', 1, 1, '2019-02-26 13:32:31.400500', null),
       ('5631e5e7-79ad-4604-8949-8924d8aed08c', 'test2@decenture.com', '356a192b7913b04c54574d18c28d46e6395428ab', '3f6f085c-4bb2-4f12-bc98-e7964df25220', 1, 1, '2019-02-26 13:32:31.400500', null),
       ('e1e98663-3a56-4323-884b-1da79a43330e', 'test3@decenture.com', '356a192b7913b04c54574d18c28d46e6395428ab', '3788c59e-3b41-4ec9-99f6-3a9e1915a198', 1, 1, '2019-02-26 13:32:31.400500', null),
       ('29d2ed6b-bb8e-4d38-a5b1-a1e0e7f6fb06', 'test4@decenture.com', '356a192b7913b04c54574d18c28d46e6395428ab', '4af22aa0-5d61-40a4-aa55-2b729baf2abf', 1, 1, '2019-02-26 13:32:31.400500', null),
       ('372dc9f0-6414-4666-88e6-91c625da54ed', 'test5@decenture.com', '356a192b7913b04c54574d18c28d46e6395428ab', '02f7b6cf-658d-4d54-8819-4c64c91f5d6e', 1, 1, '2019-02-26 13:32:31.400500', null),
       ('9978caf0-f0c1-4e18-9072-c502afda3cc7', 'test6@decenture.com', '356a192b7913b04c54574d18c28d46e6395428ab', '0cbaead2-83a2-405d-bea6-101a19ac6ba8', 1, 1, '2019-02-26 13:32:31.400500', null),
       ('7e2aab83-5013-402f-b11f-fe0636ead664', 'test7@decenture.com', '356a192b7913b04c54574d18c28d46e6395428ab', 'f4e4115c-e068-403c-8836-0d880ca1dfc5', 1, 1, '2019-02-26 13:32:31.400500', null),
       ('3fe41857-ddd9-42fb-9af3-da6fae416024', 'test8@decenture.com', '356a192b7913b04c54574d18c28d46e6395428ab', '0f8b5f5e-acc6-4bc8-9310-4e8e7c133382', 1, 1, '2019-02-26 13:32:31.400500', null),
       ('85c06967-1369-4876-a7f6-78cb2188b696', 'test9@decenture.com', '356a192b7913b04c54574d18c28d46e6395428ab', 'feaae78a-d37f-4c36-aa68-13ef6fb31cf5', 1, 1, '2019-02-26 13:32:31.400500', null),
       ('73604cb8-8615-4e18-925d-acc3f892fe89', 'test10@decenture.com', '356a192b7913b04c54574d18c28d46e6395428ab', 'ed58116f-558f-4784-839e-a75e5dab7ab7', 1, 1, '2019-02-26 13:32:31.400500', null);


INSERT INTO user_info (id, first_name, last_name, phone_number, date_of_birth)
VALUES ('eadd4922-fc58-4697-9b23-d2160ab505e4', 'Harry', 'Potter', null, null),
       ('47988b94-50c7-4b12-b3c4-6e86676e6e1f', 'Hermione', 'Granger', null, null),
       ('df163a56-0c9d-4b64-aa97-81925a7f91ae', 'Ron', 'Weasley', null, null),
       ('eac4fe9a-58ec-43af-98ad-03f9a61fd8db', 'Euclid', 'D Souza', null, null),
       ('bcf85f27-a76b-4143-9c1a-ce546831326d', 'Rageeb', 'Mahtab', null, null),
       ('9a5e10fb-5518-46e9-aeec-117bc7f34933', 'Walid', 'Hadid', null, null),
       ('d43a29c0-b704-4466-bd38-326771c00549', 'Loubna', 'Hadid', null, null),
       ('f1d7c74c-95df-4fda-951f-7f76d1aaa4fa', 'George', 'Benton', null, null),
       ('c7b0399e-7e3a-45bd-972a-239bc8386ac6', 'Emmanuel', 'Young', null, null),
       -- The New School
       ('d749eb49-1277-4456-80ac-934bc7e09f5d', 'THe New', 'School', null, null),
       -- 10 more...
       ('19196259-ec6a-4b24-8fe6-01f5aa5ec074', 'Test', 'First', null, null),
       ('5631e5e7-79ad-4604-8949-8924d8aed08c', 'Test', 'Second', null, null),
       ('e1e98663-3a56-4323-884b-1da79a43330e', 'Test', 'Third', null, null),
       ('29d2ed6b-bb8e-4d38-a5b1-a1e0e7f6fb06', 'Test', 'Fourth', null, null),
       ('372dc9f0-6414-4666-88e6-91c625da54ed', 'Test', 'Fifth', null, null),
       ('9978caf0-f0c1-4e18-9072-c502afda3cc7', 'Test', 'Sixth', null, null),
       ('7e2aab83-5013-402f-b11f-fe0636ead664', 'Test', 'Seventh', null, null),
       ('3fe41857-ddd9-42fb-9af3-da6fae416024', 'Test', 'Eighth', null, null),
       ('85c06967-1369-4876-a7f6-78cb2188b696', 'Test', 'Ninth', null, null),
       ('73604cb8-8615-4e18-925d-acc3f892fe89', 'Test', 'Tenth', null, null);


INSERT INTO account (id, name, amount, currency, type_id, status_id, user_id, owner_id, entry_date, close_date) VALUES
       ('9276d351-648d-4b5e-a129-94c105e6b8d6', 'British Ministry of Magic', 0.000, 'GBP', 1, 0, '61180ba7-5997-4ec3-9646-5288b0404629', '61180ba7-5997-4ec3-9646-5288b0404629', '2018-10-17 09:29:00.246904', null),
       ('9704c732-972a-4543-a9c2-3d88f06ff2f4', 'Hogwarts account', 0.000, 'GBP', 1, 1, '0d48cbbd-970e-406c-a3c8-2ddde4b12130', '0d48cbbd-970e-406c-a3c8-2ddde4b12130', '2018-10-17 09:29:00.282826', null),
       ('771a5992-63d6-4b80-a145-ab80ea1bc18e', 'Ilvermorny account', 0.000, 'USD', 1, 1, 'c6c240d0-6270-4809-9868-e259ea03276a', 'c6c240d0-6270-4809-9868-e259ea03276a', '2018-10-17 09:29:00.325751', null),
       ('7dbf6297-6674-47df-b9fd-b9a8140d293d', 'Harry Potter personal account', 0.000, 'GBP', 1, 1, 'eadd4922-fc58-4697-9b23-d2160ab505e4', 'eadd4922-fc58-4697-9b23-d2160ab505e4', '2018-10-17 09:29:00.416542', null),
       ('6ad6f148-ee1b-4aeb-a39e-a47e9f4f91de', 'Hermione Granger personal account', 0.000, 'GBP', 1, 1, '47988b94-50c7-4b12-b3c4-6e86676e6e1f', '47988b94-50c7-4b12-b3c4-6e86676e6e1f', '2018-10-17 09:29:00.416542', null),
       ('12320fb0-deb6-45cb-9f76-95b39f906130', 'Ron Weasley personal account', 0.000, 'GBP', 1, 1, 'df163a56-0c9d-4b64-aa97-81925a7f91ae', 'df163a56-0c9d-4b64-aa97-81925a7f91ae', '2018-10-17 09:29:00.416542', null),
       ('5b501e3d-5df3-4040-b670-88ee941de372', 'Emmanuel Young personal account', 0.000, 'GBP', 1, 1, 'c7b0399e-7e3a-45bd-972a-239bc8386ac6', 'c7b0399e-7e3a-45bd-972a-239bc8386ac6', '2018-11-08 17:41:21.280060', null),
       ('37d6541d-6171-47ef-b575-e9fe8e7d4683', 'George Benton personal account', 0.000, 'GBP', 1, 1, 'f1d7c74c-95df-4fda-951f-7f76d1aaa4fa', 'f1d7c74c-95df-4fda-951f-7f76d1aaa4fa', '2018-11-08 17:41:21.280060', null),
       ('d953c5f3-5aec-4997-890f-757b9c1d3d9a', 'Loubna Hadid personal account', 0.000, 'GBP', 1, 1, 'd43a29c0-b704-4466-bd38-326771c00549', 'd43a29c0-b704-4466-bd38-326771c00549', '2018-11-08 17:41:21.280060', null),
       ('25eba29f-405c-4f24-8705-3b88b2a2adb8', 'Walid Hadid personal account', 0.000, 'GBP', 1, 1, '9a5e10fb-5518-46e9-aeec-117bc7f34933', '9a5e10fb-5518-46e9-aeec-117bc7f34933', '2018-11-08 17:41:21.280060', null),
       ('9bc0bba5-7758-4e67-834e-88f1d68a42a7', 'Rageeb Mahtab personal account', 0.000, 'GBP', 1, 1, 'bcf85f27-a76b-4143-9c1a-ce546831326d', 'bcf85f27-a76b-4143-9c1a-ce546831326d', '2018-11-08 17:41:21.280060', null),
       ('61e796c1-eed4-4818-a0c5-d8ef2ebd9b65', 'Euclid D Souza personal account', 0.000, 'GBP', 1, 1, 'eac4fe9a-58ec-43af-98ad-03f9a61fd8db', 'eac4fe9a-58ec-43af-98ad-03f9a61fd8db', '2018-11-08 17:41:21.280060', null),
       ('6525b73e-ddd5-4893-8562-da88ea817dc5', 'Harry Potter escrow account', 0.000, 'GBP', 2, 1, 'eadd4922-fc58-4697-9b23-d2160ab505e4', '61180ba7-5997-4ec3-9646-5288b0404629', '2018-10-17 09:29:00.416542', null),
       ('51feecbe-79b6-4eea-a651-c00c4610543a', 'Hermione Granger escrow account', 0.000, 'GBP', 2, 1, '47988b94-50c7-4b12-b3c4-6e86676e6e1f', '61180ba7-5997-4ec3-9646-5288b0404629', '2018-10-17 09:29:00.416542', null),
       ('b7b92e71-5f0c-4fa2-bcfb-b6d04719a865', 'Ron Weasley escrow account', 0.000, 'GBP', 2, 1, 'df163a56-0c9d-4b64-aa97-81925a7f91ae', '61180ba7-5997-4ec3-9646-5288b0404629', '2018-10-17 09:29:00.416542', null),
       ('7251728e-cd03-434f-984a-8f085a41c596', 'Euclid D Souza escrow account', 0.000, 'GBP', 2, 1, 'eac4fe9a-58ec-43af-98ad-03f9a61fd8db', '61180ba7-5997-4ec3-9646-5288b0404629', '2018-11-01 18:04:06.608379', null),
       ('8c3def2a-27d8-4afa-9c93-518642bb473a', 'Rageeb Mahtab escrow account', 0.000, 'GBP', 2, 1, 'bcf85f27-a76b-4143-9c1a-ce546831326d', '61180ba7-5997-4ec3-9646-5288b0404629', '2018-11-01 18:04:06.608379', null),
       ('a130a991-7133-4a5d-9cda-208bad11709a', 'Walid Hadid escrow account', 0.000, 'GBP', 2, 1, '9a5e10fb-5518-46e9-aeec-117bc7f34933', '61180ba7-5997-4ec3-9646-5288b0404629', '2018-11-01 18:04:06.608379', null),
       ('6ecaa91e-9114-4e25-9307-59e60f7a330e', 'Loubna Hadid escrow account', 0.000, 'GBP', 2, 1, 'd43a29c0-b704-4466-bd38-326771c00549', '61180ba7-5997-4ec3-9646-5288b0404629', '2018-11-01 18:04:06.608379', null),
       ('0091f0d9-090d-4498-94ae-9bc4336a5830', 'George Benton escrow account', 0.000, 'GBP', 2, 1, 'f1d7c74c-95df-4fda-951f-7f76d1aaa4fa', '61180ba7-5997-4ec3-9646-5288b0404629', '2018-11-01 18:04:06.608379', null),
       ('eeafd6c7-c47d-44cf-85e1-4705b85883f8', 'Emmanuel Young escrow account', 0.000, 'GBP', 2, 1, 'c7b0399e-7e3a-45bd-972a-239bc8386ac6', '61180ba7-5997-4ec3-9646-5288b0404629', '2018-11-01 18:04:06.608379', null),
       -- The New School
       ('a8374714-19a7-408c-bbf6-2aa95f617eb1', 'The New School personal account', 0.000, 'GBP', 1, 1, 'd749eb49-1277-4456-80ac-934bc7e09f5d', 'd749eb49-1277-4456-80ac-934bc7e09f5d', '2019-02-06 11:48:00.438473', null),
       ('ff8f2fa2-7787-4319-9c75-82b5c09f8f41', 'The New School escrow account', 0.000, 'GBP', 2, 1, 'd749eb49-1277-4456-80ac-934bc7e09f5d', '61180ba7-5997-4ec3-9646-5288b0404629', '2019-02-06 11:48:00.438473', null),
       -- 10 more...
       ('3926c2e7-ba17-484f-a227-406e158defd2', 'Test First''s escrow account', 0.000, 'GBP', 2, 1, '19196259-ec6a-4b24-8fe6-01f5aa5ec074', '61180ba7-5997-4ec3-9646-5288b0404629', '2019-02-26 13:44:33.139512', null),
       ('825175a1-75f8-4e01-b8d5-6aa3bf284bc5', 'Test Second''s escrow account', 0.000, 'GBP', 2, 1, '5631e5e7-79ad-4604-8949-8924d8aed08c', '61180ba7-5997-4ec3-9646-5288b0404629', '2019-02-26 13:44:33.139512', null),
       ('d8c87c88-398c-4a2f-8e47-3e880530e2c3', 'Test Third''s escrow account', 0.000, 'GBP', 2, 1, 'e1e98663-3a56-4323-884b-1da79a43330e', '61180ba7-5997-4ec3-9646-5288b0404629', '2019-02-26 13:44:33.139512', null),
       ('2843f382-0fbe-41a9-b586-9b3416069df5', 'Test Fourth''s escrow account', 0.000, 'GBP', 2, 1, '29d2ed6b-bb8e-4d38-a5b1-a1e0e7f6fb06', '61180ba7-5997-4ec3-9646-5288b0404629', '2019-02-26 13:44:33.139512', null),
       ('3853e32c-3706-4c99-a4fc-ab5b40f96243', 'Test Fifth''s escrow account', 0.000, 'GBP', 2, 1, '372dc9f0-6414-4666-88e6-91c625da54ed', '61180ba7-5997-4ec3-9646-5288b0404629', '2019-02-26 13:44:33.139512', null),
       ('3f2a7273-7ad0-46f8-b251-079ea771e9ec', 'Test Sixth''s escrow account', 0.000, 'GBP', 2, 1, '9978caf0-f0c1-4e18-9072-c502afda3cc7', '61180ba7-5997-4ec3-9646-5288b0404629', '2019-02-26 13:44:33.139512', null),
       ('603aa304-2cb4-4ef9-a8bd-276a60f6f4b8', 'Test Seventh''s escrow account', 0.000, 'GBP', 2, 1, '7e2aab83-5013-402f-b11f-fe0636ead664', '61180ba7-5997-4ec3-9646-5288b0404629', '2019-02-26 13:44:33.139512', null),
       ('e22004ad-24bc-4313-b6f9-4d9da1277b98', 'Test Eighth''s escrow account', 0.000, 'GBP', 2, 1, '3fe41857-ddd9-42fb-9af3-da6fae416024', '61180ba7-5997-4ec3-9646-5288b0404629', '2019-02-26 13:44:33.139512', null),
       ('54b8bbc2-d741-4897-8a46-6688d5cf9410', 'Test Ninth''s escrow account', 0.000, 'GBP', 2, 1, '85c06967-1369-4876-a7f6-78cb2188b696', '61180ba7-5997-4ec3-9646-5288b0404629', '2019-02-26 13:44:33.139512', null),
       ('2157560a-a9d8-4f14-835b-fae66726e7d5', 'Test Tenth''s escrow account', 0.000, 'GBP', 2, 1, '73604cb8-8615-4e18-925d-acc3f892fe89', '61180ba7-5997-4ec3-9646-5288b0404629', '2019-02-26 13:44:33.139512', null),
       ('c810dffa-dc78-4473-90d0-52b632229b3d', 'Test First''s personal account', 0.000, 'GBP', 1, 1, '19196259-ec6a-4b24-8fe6-01f5aa5ec074', '19196259-ec6a-4b24-8fe6-01f5aa5ec074', '2019-02-26 13:44:33.139512', null),
       ('7831ac69-a1fd-4ade-bc4d-42a7ae7b1e80', 'Test Second''s personal account', 0.000, 'GBP', 1, 1, '5631e5e7-79ad-4604-8949-8924d8aed08c', '5631e5e7-79ad-4604-8949-8924d8aed08c', '2019-02-26 13:44:33.139512', null),
       ('879e8d40-3733-4e31-8b55-8d608e3a305c', 'Test Third''s personal account', 0.000, 'GBP', 1, 1, 'e1e98663-3a56-4323-884b-1da79a43330e', 'e1e98663-3a56-4323-884b-1da79a43330e', '2019-02-26 13:44:33.139512', null),
       ('e8f7e2b4-955c-4079-b5ae-13e76b527429', 'Test Fourth''s personal account', 0.000, 'GBP', 1, 1, '29d2ed6b-bb8e-4d38-a5b1-a1e0e7f6fb06', '29d2ed6b-bb8e-4d38-a5b1-a1e0e7f6fb06', '2019-02-26 13:44:33.139512', null),
       ('5400ea1e-0371-48f2-85a4-009342d3ff03', 'Test Fifth''s personal account', 0.000, 'GBP', 1, 1, '372dc9f0-6414-4666-88e6-91c625da54ed', '372dc9f0-6414-4666-88e6-91c625da54ed', '2019-02-26 13:44:33.139512', null),
       ('27eb132e-316d-45c3-9102-bcdbe65cfef0', 'Test Sixth''s personal account', 0.000, 'GBP', 1, 1, '9978caf0-f0c1-4e18-9072-c502afda3cc7', '9978caf0-f0c1-4e18-9072-c502afda3cc7', '2019-02-26 13:44:33.139512', null),
       ('5032ce28-1a3a-46e6-bece-451fb5e5ac42', 'Test Seventh''s personal account', 0.000, 'GBP', 1, 1, '7e2aab83-5013-402f-b11f-fe0636ead664', '7e2aab83-5013-402f-b11f-fe0636ead664', '2019-02-26 13:44:33.139512', null),
       ('1884372d-d133-4057-9bdf-67227cbdca85', 'Test Eighth''s personal account', 0.000, 'GBP', 1, 1, '3fe41857-ddd9-42fb-9af3-da6fae416024', '3fe41857-ddd9-42fb-9af3-da6fae416024', '2019-02-26 13:44:33.139512', null),
       ('3ff38563-4b2c-45c3-9c5e-5e6c86abcfb0', 'Test Ninth''s personal account', 0.000, 'GBP', 1, 1, '85c06967-1369-4876-a7f6-78cb2188b696', '85c06967-1369-4876-a7f6-78cb2188b696', '2019-02-26 13:44:33.139512', null),
       ('bd94c1f6-e1c1-4432-94c4-f2e34226ed1c', 'Test Tenth''s personal account', 0.000, 'GBP', 1, 1, '73604cb8-8615-4e18-925d-acc3f892fe89', '73604cb8-8615-4e18-925d-acc3f892fe89', '2019-02-26 13:44:33.139512', null);


INSERT INTO government (id, country_code, name)
VALUES ('9276d351-648d-4b5e-a129-94c105e6b8d6', 'UK', 'British Ministry of Magic');


INSERT INTO university (id, country_code, code, name, official_name, abbreviation, address, domain_name, erp_info)
VALUES ('9704c732-972a-4543-a9c2-3d88f06ff2f4',
        'UK',
        'HOG',
        'Hogwarts',
        'Hogwarts School of Witchcraft and Wizardry',
        'HSoW&W',
        'Highlands of Scotland alternative reality',
        'hogwarts.magic.uk',
        'unknown'),
       ('771a5992-63d6-4b80-a145-ab80ea1bc18e',
        'US',
        'ILV',
        'Ilvermorny',
        'Ilvermorny School of Witchcraft and Wizardry',
        'ISoW&W',
        'Mount Greylock alternative reality',
        'ilvermorny.magic.us',
        'unknown');


INSERT INTO student (id, university_id, erp_email, erp_student_id, first_name, last_name, is_international, is_sponsored, degree_name) VALUES
       ('7251728e-cd03-434f-984a-8f085a41c596', '9704c732-972a-4543-a9c2-3d88f06ff2f4', 'edsouza@decenture.com', 'STID0004', 'Euclid', 'D Souza', true, false, 'bachelor'),
       ('8c3def2a-27d8-4afa-9c93-518642bb473a', '9704c732-972a-4543-a9c2-3d88f06ff2f4', 'rageeb@decenture.com', 'STID0001', 'Rageeb', 'Mahtab', true, false, 'master'),
       ('a130a991-7133-4a5d-9cda-208bad11709a', '9704c732-972a-4543-a9c2-3d88f06ff2f4', 'walid@decenture.com', 'STID0006', 'Walid', 'Hadid', true, true, 'master'),
       ('6ecaa91e-9114-4e25-9307-59e60f7a330e', '9704c732-972a-4543-a9c2-3d88f06ff2f4', 'lhadid@decenture.com', 'STID0005', 'Loubna', 'Hadid', true, false, 'bachelor'),
       ('0091f0d9-090d-4498-94ae-9bc4336a5830', '9704c732-972a-4543-a9c2-3d88f06ff2f4', 'gbenton@decenture.com', 'STID0002', 'George', 'Benton', false, false, 'bachelor'),
       ('eeafd6c7-c47d-44cf-85e1-4705b85883f8', '9704c732-972a-4543-a9c2-3d88f06ff2f4', 'eyoung@decenture.com', 'STID0003', 'Emmanuel', 'Young', false, false, 'bachelor'),
       ('b7b92e71-5f0c-4fa2-bcfb-b6d04719a865', '9704c732-972a-4543-a9c2-3d88f06ff2f4', 'ron.weasley@hogwarts.magic.uk', 'STID0009', 'Ron', 'Weasley', false, true, 'bachelor'),
       ('6525b73e-ddd5-4893-8562-da88ea817dc5', '9704c732-972a-4543-a9c2-3d88f06ff2f4', 'harry.potter@hogwarts.magic.uk', 'STID0007', 'Harry', 'Potter', false, true, 'master'),
       ('51feecbe-79b6-4eea-a651-c00c4610543a', '9704c732-972a-4543-a9c2-3d88f06ff2f4', 'hermione.granger@hogwarts.magic.uk', 'STID0008', 'Hermione', 'Granger', false, true, 'master'),
       -- The New School
       ('ff8f2fa2-7787-4319-9c75-82b5c09f8f41', '9704c732-972a-4543-a9c2-3d88f06ff2f4', 'thenewschool@decenture.com', 'STID0010', 'The New', 'School', true, false, 'bachelor'),
       -- 10 more...
       ('3926c2e7-ba17-484f-a227-406e158defd2', '9704c732-972a-4543-a9c2-3d88f06ff2f4', 'test1@decenture.com', 'STID0011', 'Test', 'First', true, false, 'bachelor'),
       ('825175a1-75f8-4e01-b8d5-6aa3bf284bc5', '9704c732-972a-4543-a9c2-3d88f06ff2f4', 'test2@decenture.com', 'STID0012', 'Test', 'Second', true, false, 'bachelor'),
       ('d8c87c88-398c-4a2f-8e47-3e880530e2c3', '9704c732-972a-4543-a9c2-3d88f06ff2f4', 'test3@decenture.com', 'STID0013', 'Test', 'Third', true, false, 'bachelor'),
       ('2843f382-0fbe-41a9-b586-9b3416069df5', '9704c732-972a-4543-a9c2-3d88f06ff2f4', 'test4@decenture.com', 'STID0014', 'Test', 'Fourth', true, false, 'bachelor'),
       ('3853e32c-3706-4c99-a4fc-ab5b40f96243', '9704c732-972a-4543-a9c2-3d88f06ff2f4', 'test5@decenture.com', 'STID0015', 'Test', 'Fifth', true, false, 'bachelor'),
       ('3f2a7273-7ad0-46f8-b251-079ea771e9ec', '9704c732-972a-4543-a9c2-3d88f06ff2f4', 'test6@decenture.com', 'STID0016', 'Test', 'Sixth', true, false, 'bachelor'),
       ('603aa304-2cb4-4ef9-a8bd-276a60f6f4b8', '9704c732-972a-4543-a9c2-3d88f06ff2f4', 'test7@decenture.com', 'STID0017', 'Test', 'Seventh', true, false, 'master'),
       ('e22004ad-24bc-4313-b6f9-4d9da1277b98', '9704c732-972a-4543-a9c2-3d88f06ff2f4', 'test8@decenture.com', 'STID0018', 'Test', 'Eighth', true, false, 'master'),
       ('54b8bbc2-d741-4897-8a46-6688d5cf9410', '9704c732-972a-4543-a9c2-3d88f06ff2f4', 'test9@decenture.com', 'STID0019', 'Test', 'Ninth', true, false, 'master'),
       ('2157560a-a9d8-4f14-835b-fae66726e7d5', '9704c732-972a-4543-a9c2-3d88f06ff2f4', 'test10@decenture.com', 'STID0020', 'Test', 'Tenth', true, false, 'master');


CREATE TABLE IF NOT EXISTS dummy_lecture_theatre (
  nfc_id                      CHAR(20)    NOT NULL,
  lecture_theatre_name        VARCHAR(64) NOT NULL,
  lecture_course_id           VARCHAR(30) NOT NULL,
  event_type                  CHAR(1)     NOT NULL,
  lecture_subject_name        VARCHAR(64) NOT NULL,
  lecture_subject_description VARCHAR(64),
  begin_time                  SMALLINT    NOT NULL
);

INSERT INTO dummy_lecture_theatre (nfc_id, lecture_theatre_name, lecture_course_id, event_type, lecture_subject_name, begin_time) VALUES
       ('04:98:F4:9A:B0:57:80', 'Metis Lecture Theatre', 'DC100', 'A', 'Advanced Entrepreneurship', 9),
       ('04:98:F4:9A:B0:57:80', 'Metis Lecture Theatre', 'DC110', 'A', 'Becoming A Leader', 10),
       ('04:98:F4:9A:B0:57:80', 'Metis Lecture Theatre', 'DC112', 'A', 'Behavioural Finance', 11),
       ('04:98:F4:9A:B0:57:80', 'Metis Lecture Theatre', 'DC114', 'A', 'Business and Employment Law', 12),
       ('04:98:F4:9A:B0:57:80', 'Metis Lecture Theatre', 'DC118', 'A', 'Business in Emerging Markets', 13),
       ('04:98:F4:9A:B0:57:80', 'Metis Lecture Theatre', 'DC119', 'A', 'Business in Latin America', 14),
       ('04:98:F4:9A:B0:57:80', 'Metis Lecture Theatre', 'DC139', 'A', 'Business in the Asia-pacific Region', 15),
       ('04:98:F4:9A:B0:57:80', 'Metis Lecture Theatre', 'DC150', 'A', 'Business Statistics', 16),
       ('04:98:F4:9A:B0:57:80', 'Avicenna Conference Hall', 'DC151', 'A', 'Contemporary Issues in Hrm', 9),
       ('04:98:F4:9A:B0:57:80', 'Avicenna Conference Hall', 'DC153', 'A', 'Corporate Communications', 10),
       ('04:98:F4:9A:B0:57:80', 'Avicenna Conference Hall', 'DC155', 'A', 'Corporate Governance', 11),
       ('04:98:F4:9A:B0:57:80', 'Avicenna Conference Hall', 'DC157', 'A', 'Corporate Social Responsibility', 12),
       ('04:98:F4:9A:B0:57:80', 'Avicenna Conference Hall', 'DC158', 'A', 'Critical Perspectives in Management', 13),
       ('04:98:F4:9A:B0:57:80', 'Avicenna Conference Hall', 'DC160', 'A', 'Dissertation', 14),
       ('04:98:F4:9A:B0:57:80', 'Avicenna Conference Hall', 'DC161', 'A', 'Diversity Management', 15),
       ('04:98:F4:9A:B0:57:80', 'Avicenna Conference Hall', 'DC162', 'A', 'E-business Models and Strategy', 16),
       ('04:98:F4:9A:B0:57:80', 'Galileo Lecture Theatre',  'DC165', 'A', 'Economic Principles for Business and Markets', 9),
       ('04:98:F4:9A:B0:57:80', 'Galileo Lecture Theatre', 'DC166', 'A', 'Entrepreneurship', 10),
       ('04:98:F4:9A:B0:57:80', 'Galileo Lecture Theatre', 'DC168', 'A', 'Events Management', 11),
       ('04:98:F4:9A:B0:57:80', 'Galileo Lecture Theatre', 'DC172', 'A', 'Financial Management for Business', 12),
       ('04:98:F4:9A:B0:57:80', 'Galileo Lecture Theatre', 'DC178', 'A', 'Football Financial Reporting, Analysis and Valuation', 13),
       ('04:98:F4:9A:B0:57:80', 'Galileo Lecture Theatre', 'DC179', 'A', 'Fundamentals of Marketing', 14),
       ('04:98:F4:9A:B0:57:80', 'Galileo Lecture Theatre', 'DC184', 'A', 'Fundraising Management', 15),
       ('04:98:F4:9A:B0:57:80', 'Galileo Lecture Theatre', 'DC187', 'A', 'Global Strategic Management', 16),
       ('04:98:F4:9A:B0:57:80', 'Albert Einstein Hall', 'DC195', 'A', 'Government and Business', 9),
       ('04:98:F4:9A:B0:57:80', 'Albert Einstein Hall', 'DC202', 'A', 'Identity, Culture and Organisation', 10),
       ('04:98:F4:9A:B0:57:80', 'Albert Einstein Hall', 'DC209', 'A', 'Innovation and Entrepreneurship', 11),
       ('04:98:F4:9A:B0:57:80', 'Albert Einstein Hall', 'DC212', 'A', 'International Business', 12),
       ('04:98:F4:9A:B0:57:80', 'Albert Einstein Hall', 'DC224', 'A', 'International Business Environment', 13),
       ('04:98:F4:9A:B0:57:80', 'Albert Einstein Hall', 'DC226', 'A', 'International Development', 14),
       ('04:98:F4:9A:B0:57:80', 'Albert Einstein Hall', 'DC227', 'A', 'International Economic Relations', 15),
       ('04:98:F4:9A:B0:57:80', 'Albert Einstein Hall', 'DC232', 'A', 'International Finance (non-specialist)', 16),
       ('04:98:F4:9A:B0:57:80', 'Isaac Newton Theatre', 'DC233', 'A', 'International Management', 9),
       ('04:98:F4:9A:B0:57:80', 'Isaac Newton Theatre', 'DC236', 'A', 'International Marketing', 10),
       ('04:98:F4:9A:B0:57:80', 'Isaac Newton Theatre', 'DC242', 'A', 'International Political Economy', 11),
       ('04:98:F4:9A:B0:57:80', 'Isaac Newton Theatre', 'DC244', 'A', 'Introduction to Accounting and Finance (non-specialist)', 12),
       ('04:98:F4:9A:B0:57:80', 'Isaac Newton Theatre', 'DC248', 'A', 'Introduction to People Management', 13),
       ('04:98:F4:9A:B0:57:80', 'Isaac Newton Theatre', 'DC250', 'A', 'Leadership and Performance Management', 14),
       ('04:98:F4:9A:B0:57:80', 'Isaac Newton Theatre', 'DC251', 'A', 'Management Accounting for Business', 15),
       ('04:98:F4:9A:B0:57:80', 'Isaac Newton Theatre', 'DC253', 'A', 'Managing Knowledge for Innovation', 16),
       ('04:98:F4:9A:B0:57:80', 'Archimedes Lecture Theatre', 'DC255', 'A', 'Market Research', 9),
       ('04:98:F4:9A:B0:57:80', 'Archimedes Lecture Theatre', 'DC256', 'A', 'Marketing Strategy', 10),
       ('04:98:F4:9A:B0:57:80', 'Archimedes Lecture Theatre', 'DC257', 'A', 'Operations Management: Tools and Techniques', 11),
       ('04:98:F4:9A:B0:57:80', 'Archimedes Lecture Theatre', 'DC262', 'A', 'Organisations and Management', 12),
       ('04:98:F4:9A:B0:57:80', 'Archimedes Lecture Theatre', 'DC263', 'A', 'Principles in Operations Management', 13),
       ('04:98:F4:9A:B0:57:80', 'Archimedes Lecture Theatre', 'DC270', 'A', 'Professional and Academic Skills for Business', 14),
       ('04:98:F4:9A:B0:57:80', 'Archimedes Lecture Theatre', 'DC271', 'A', 'Programme Y', 15),
       ('04:98:F4:9A:B0:57:80', 'Archimedes Lecture Theatre', 'DC273', 'A', 'Programme', 16),
       ('04:98:F4:9A:B0:57:80', 'Stephen Hawking Hall', 'DC279', 'A', 'Psychological Approaches to Decision-making', 9),
       ('04:98:F4:9A:B0:57:80', 'Stephen Hawking Hall', 'DC283', 'A', 'Services Marketing', 10),
       ('04:98:F4:9A:B0:57:80', 'Stephen Hawking Hall', 'DC285', 'A', 'Social Enterprise', 11),
       ('04:98:F4:9A:B0:57:80', 'Stephen Hawking Hall', 'DC294', 'A', 'Strategic Management and Business Policy', 12),
       ('04:98:F4:9A:B0:57:80', 'Stephen Hawking Hall', 'DC298', 'A', 'Supply Chain Operations Management', 13),
       ('04:98:F4:9A:B0:57:80', 'Stephen Hawking Hall', 'DC299', 'A', 'The Football Business', 14),
       ('04:98:F4:9A:B0:57:80', 'Stephen Hawking Hall', 'DC300', 'A', 'Tourism', 15),
       ('04:98:F4:9A:B0:57:80', 'Stephen Hawking Hall', 'DC301', 'A', 'Work Experience Module', 16),
       ('04:98:F4:9A:B0:57:80', 'The Auditorium', 'DC802', 'A', 'Advanced Test DC802', 9),
       ('04:98:F4:9A:B0:57:80', 'The Auditorium', 'DC803', 'A', 'Becoming Test DC803', 10),
       ('04:98:F4:9A:B0:57:80', 'The Auditorium', 'DC804', 'A', 'Behavioural Test DC804', 11),
       ('04:98:F4:9A:B0:57:80', 'The Auditorium', 'DC805', 'A', 'Business Test DC805', 12),
       ('04:98:F4:9A:B0:57:80', 'The Auditorium', 'DC806', 'A', 'Business Test DC806', 13),
       ('04:98:F4:9A:B0:57:80', 'The Auditorium', 'DC807', 'A', 'Business Test DC807', 14),
       ('04:98:F4:9A:B0:57:80', 'The Auditorium', 'DC808', 'A', 'Business Test DC808', 15),
       ('04:98:F4:9A:B0:57:80', 'The Auditorium', 'DC809', 'A', 'Business Test DC809', 16),
       ('04:98:F4:9A:B0:57:80', 'Dr. Stevenson', 'DC901', 'B', 'Personal Tutor', 9),
       ('04:98:F4:9A:B0:57:80', 'Dr. Stevenson', 'DC901', 'B', 'Personal Tutor', 10),
       ('04:98:F4:9A:B0:57:80', 'Dr. Stevenson', 'DC901', 'B', 'Personal Tutor', 11),
       ('04:98:F4:9A:B0:57:80', 'Dr. Stevenson', 'DC901', 'B', 'Personal Tutor', 12),
       ('04:98:F4:9A:B0:57:80', 'Dr. Stevenson', 'DC901', 'B', 'Personal Tutor', 13),
       ('04:98:F4:9A:B0:57:80', 'Dr. Stevenson', 'DC901', 'B', 'Personal Tutor', 14),
       ('04:98:F4:9A:B0:57:80', 'Dr. Stevenson', 'DC901', 'B', 'Personal Tutor', 5),
       ('04:98:F4:9A:B0:57:80', 'Dr. Stevenson', 'DC901', 'B', 'Personal Tutor', 16),
       ('04:98:F4:9A:B0:57:80', 'Professor Steel', 'DC902', 'B', 'Personal Tutor', 9),
       ('04:98:F4:9A:B0:57:80', 'Professor Steel', 'DC902', 'B', 'Personal Tutor', 10),
       ('04:98:F4:9A:B0:57:80', 'Professor Steel', 'DC902', 'B', 'Personal Tutor', 11),
       ('04:98:F4:9A:B0:57:80', 'Professor Steel', 'DC902', 'B', 'Personal Tutor', 12),
       ('04:98:F4:9A:B0:57:80', 'Professor Steel', 'DC902', 'B', 'Personal Tutor', 13),
       ('04:98:F4:9A:B0:57:80', 'Professor Steel', 'DC902', 'B', 'Personal Tutor', 14),
       ('04:98:F4:9A:B0:57:80', 'Professor Steel', 'DC902', 'B', 'Personal Tutor', 15),
       ('04:98:F4:9A:B0:57:80', 'Professor Steel', 'DC902', 'B', 'Personal Tutor', 16);


INSERT INTO lecture_course (id, university_id, code, name, total, course_work, exam) VALUES
       ('677fe313-1fed-48d6-a2c2-cd79065febae', '9704c732-972a-4543-a9c2-3d88f06ff2f4', 'DC155', 'DC155', 10, 0, 0),
       ('18502dd1-ab6e-4aea-9579-c52c30306741', '9704c732-972a-4543-a9c2-3d88f06ff2f4', 'DC179', 'DC179', 10, 0, 0),
       ('eb2dc366-6514-462e-b347-b0c1ad258276', '9704c732-972a-4543-a9c2-3d88f06ff2f4', 'DC151', 'DC151', 10, 0, 0),
       ('368f8d5c-bc7f-49fa-88bb-dc04eb486c78', '9704c732-972a-4543-a9c2-3d88f06ff2f4', 'DC172', 'DC172', 10, 0, 0),
       ('e2d1d8bd-c486-44ab-9b1b-82855ed7c399', '9704c732-972a-4543-a9c2-3d88f06ff2f4', 'DC178', 'DC178', 10, 0, 0),
       ('d2ec7252-fabb-4608-8145-692e057d9e74', '9704c732-972a-4543-a9c2-3d88f06ff2f4', 'DC236', 'DC236', 10, 0, 0),
       ('a480227d-0a44-4da8-a653-a6c1a4b154ce', '9704c732-972a-4543-a9c2-3d88f06ff2f4', 'DC112', 'DC112', 10, 0, 0),
       ('c9a5f5e6-24d0-432e-bddb-1293f8a2a8f5', '9704c732-972a-4543-a9c2-3d88f06ff2f4', 'DC232', 'DC232', 10, 0, 0),
       ('9227505a-3d6d-4963-a0da-d1c4e0f5dae0', '9704c732-972a-4543-a9c2-3d88f06ff2f4', 'DC233', 'DC233', 10, 0, 0),
       ('02412b16-8725-4f67-9091-e40f38e9021a', '9704c732-972a-4543-a9c2-3d88f06ff2f4', 'DC256', 'DC256', 10, 0, 0),
       ('e4deeacb-8c97-4e44-9e4a-467e6751f370', '9704c732-972a-4543-a9c2-3d88f06ff2f4', 'DC294', 'DC294', 10, 0, 0),
       ('814cc389-bb32-4f79-a2e4-036dd9e5200b', '9704c732-972a-4543-a9c2-3d88f06ff2f4', 'DC250', 'DC250', 10, 0, 0),
       ('34fc3aed-fdda-4f00-9d17-7affc0e8ff3b', '9704c732-972a-4543-a9c2-3d88f06ff2f4', 'DC100', 'DC100', 10, 0, 0),
       ('edc9219c-4e59-4909-a460-0d56a6681cf2', '9704c732-972a-4543-a9c2-3d88f06ff2f4', 'DC187', 'DC187', 10, 0, 0),
       ('e042b52e-a0cf-4bbb-98ef-a3148744bc36', '9704c732-972a-4543-a9c2-3d88f06ff2f4', 'DC255', 'DC255', 10, 0, 0),
       ('e964e871-5090-4665-ae10-c4c194ee3e0f', '9704c732-972a-4543-a9c2-3d88f06ff2f4', 'DC273', 'DC273', 10, 0, 0),
       ('edfb7c0e-652a-426f-b9e3-e0e58a61df75', '9704c732-972a-4543-a9c2-3d88f06ff2f4', 'DC257', 'DC257', 10, 0, 0),
       ('b89f6d58-51c9-4942-af1f-0b46991a2ca9', '9704c732-972a-4543-a9c2-3d88f06ff2f4', 'DC300', 'DC300', 10, 0, 0),
       ('e6f162e2-2b64-4f0f-b5df-68bc19679949', '9704c732-972a-4543-a9c2-3d88f06ff2f4', 'DC162', 'DC162', 10, 0, 0),
       ('a65b9577-c3e4-45b9-b478-d0c8f0af623d', '9704c732-972a-4543-a9c2-3d88f06ff2f4', 'DC139', 'DC139', 10, 0, 0),
       ('adfc24f3-d48a-4a1b-96df-cf0a4b0213ff', '9704c732-972a-4543-a9c2-3d88f06ff2f4', 'DC153', 'DC153', 10, 0, 0),
       ('9e98e944-3e73-42e5-b635-5d6b41dd88d8', '9704c732-972a-4543-a9c2-3d88f06ff2f4', 'DC157', 'DC157', 10, 0, 0),
       ('1490e0ec-bcc9-476c-bf62-dba51e6622a9', '9704c732-972a-4543-a9c2-3d88f06ff2f4', 'DC212', 'DC212', 10, 0, 0),
       ('8c2ef9e9-9d07-4fae-ab92-f1bfc1deed3a', '9704c732-972a-4543-a9c2-3d88f06ff2f4', 'DC301', 'DC301', 10, 0, 0),
       ('35e2e45d-3eed-423a-a926-329dbbed09fa', '9704c732-972a-4543-a9c2-3d88f06ff2f4', 'DC262', 'DC262', 10, 0, 0),
       ('872c4fed-566b-4aa1-b21e-24d4935e1d16', '9704c732-972a-4543-a9c2-3d88f06ff2f4', 'DC270', 'DC270', 10, 0, 0),
       ('41c53f6f-bec8-40ae-bff4-785654d51a7a', '9704c732-972a-4543-a9c2-3d88f06ff2f4', 'DC114', 'DC114', 10, 0, 0),
       ('c2bbfe4b-a283-4227-bba5-747a2ad43cec', '9704c732-972a-4543-a9c2-3d88f06ff2f4', 'DC150', 'DC150', 10, 0, 0),
       ('cc9c7cb7-3f26-4a22-8439-2cb6be8dd092', '9704c732-972a-4543-a9c2-3d88f06ff2f4', 'DC279', 'DC279', 10, 0, 0),
       ('f4cf602c-93ff-4eb9-8d08-1cc881b5883b', '9704c732-972a-4543-a9c2-3d88f06ff2f4', 'DC168', 'DC168', 10, 0, 0),
       ('bf235eb7-1629-4069-a361-2259df023dc7', '9704c732-972a-4543-a9c2-3d88f06ff2f4', 'DC244', 'DC244', 10, 0, 0),
       ('eeda1bdc-3677-4b3f-a931-4fdfa71740b4', '9704c732-972a-4543-a9c2-3d88f06ff2f4', 'DC901', 'DC901', 10, 0, 0),
       ('d5c02ef8-2681-43e3-8c6e-f6d96dddad3a', '9704c732-972a-4543-a9c2-3d88f06ff2f4', 'DC209', 'DC209', 10, 0, 0),
       ('95bd2a7d-f6fc-45ad-8eb0-f9a95c2f507b', '9704c732-972a-4543-a9c2-3d88f06ff2f4', 'DC248', 'DC248', 10, 0, 0),
       ('e697035f-79a1-4b24-81ee-c1082225f0e3', '9704c732-972a-4543-a9c2-3d88f06ff2f4', 'DC283', 'DC283', 10, 0, 0),
       ('7b2405a2-2bc5-4b74-ba6c-5d94cbd7cbf7', '9704c732-972a-4543-a9c2-3d88f06ff2f4', 'DC195', 'DC195', 10, 0, 0),
       ('19978fe5-73fe-4347-8c55-40593913beb0', '9704c732-972a-4543-a9c2-3d88f06ff2f4', 'DC224', 'DC224', 10, 0, 0),
       ('444babd1-c7bc-4280-9c37-008f2b22c989', '9704c732-972a-4543-a9c2-3d88f06ff2f4', 'DC251', 'DC251', 10, 0, 0),
       ('3b2e193c-307b-46ab-a73e-b0842d2a33c2', '9704c732-972a-4543-a9c2-3d88f06ff2f4', 'DC184', 'DC184', 10, 0, 0),
       ('d4fe0bc0-4719-4b22-8bab-b14b1827b9cb', '9704c732-972a-4543-a9c2-3d88f06ff2f4', 'DC299', 'DC299', 10, 0, 0),
       ('d0d107d2-003e-4b20-9461-b5a6ebd56c82', '9704c732-972a-4543-a9c2-3d88f06ff2f4', 'DC118', 'DC118', 10, 0, 0),
       ('077792d6-2fa9-4b49-bcad-affd0dc1e3d2', '9704c732-972a-4543-a9c2-3d88f06ff2f4', 'DC253', 'DC253', 10, 0, 0),
       ('c304a7de-b325-4ab0-b044-3642929d17d8', '9704c732-972a-4543-a9c2-3d88f06ff2f4', 'DC902', 'DC902', 10, 0, 0),
       ('36499369-e4c2-42c4-ac7c-410757c1fb35', '9704c732-972a-4543-a9c2-3d88f06ff2f4', 'DC158', 'DC158', 10, 0, 0),
       ('1dd9591e-3a0a-41ce-a4e9-e14f744a2a76', '9704c732-972a-4543-a9c2-3d88f06ff2f4', 'DC263', 'DC263', 10, 0, 0),
       ('7b84c498-224a-457b-9fbe-f512725e37bf', '9704c732-972a-4543-a9c2-3d88f06ff2f4', 'DC298', 'DC298', 10, 0, 0),
       ('949bacc5-ab29-471f-b15f-a0a4b5db01a8', '9704c732-972a-4543-a9c2-3d88f06ff2f4', 'DC226', 'DC226', 10, 0, 0),
       ('0a1cc4fb-9721-4eb1-a286-6abf224b6562', '9704c732-972a-4543-a9c2-3d88f06ff2f4', 'DC227', 'DC227', 10, 0, 0),
       ('cc3ab71b-8f18-4487-ae9e-49aa70dd0922', '9704c732-972a-4543-a9c2-3d88f06ff2f4', 'DC110', 'DC110', 10, 0, 0),
       ('0b4ff8ca-9c49-4ac6-a91c-0a4eb805581b', '9704c732-972a-4543-a9c2-3d88f06ff2f4', 'DC119', 'DC119', 10, 0, 0),
       ('5ca41a26-a221-42bf-9998-7787e52222a7', '9704c732-972a-4543-a9c2-3d88f06ff2f4', 'DC160', 'DC160', 10, 0, 0),
       ('cee79039-b257-47f9-9203-a0c0a65519b7', '9704c732-972a-4543-a9c2-3d88f06ff2f4', 'DC242', 'DC242', 10, 0, 0),
       ('918084b4-b073-4127-b587-6886d2464fab', '9704c732-972a-4543-a9c2-3d88f06ff2f4', 'DC271', 'DC271', 10, 0, 0),
       ('e5a44087-df0e-40fd-92db-4485ec028dc2', '9704c732-972a-4543-a9c2-3d88f06ff2f4', 'DC202', 'DC202', 10, 0, 0),
       ('bd3cb7d4-ec00-4a8b-b87c-a53467609f9e', '9704c732-972a-4543-a9c2-3d88f06ff2f4', 'DC285', 'DC285', 10, 0, 0),
       ('f7c7eaa2-6331-4c8f-b9d5-2b8308076f76', '9704c732-972a-4543-a9c2-3d88f06ff2f4', 'DC166', 'DC166', 10, 0, 0),
       ('d96aae5d-7f7f-49b0-aa37-60e926a5023f', '9704c732-972a-4543-a9c2-3d88f06ff2f4', 'DC161', 'DC161', 10, 0, 0),
       ('b22c2970-de34-4165-9bbc-3f5c6008150c', '9704c732-972a-4543-a9c2-3d88f06ff2f4', 'DC165', 'DC165', 10, 0, 0),
       ('72c3ee8c-b119-4ee2-9f20-3fdf85485a03', '9704c732-972a-4543-a9c2-3d88f06ff2f4', 'DC802', 'DC802', 10, 0, 0),
       ('a5ec8077-22d0-434d-b028-a95c97c41ba8', '9704c732-972a-4543-a9c2-3d88f06ff2f4', 'DC803', 'DC803', 10, 0, 0),
       ('d5c54ca2-4149-470f-935f-5bceb7c270d1', '9704c732-972a-4543-a9c2-3d88f06ff2f4', 'DC804', 'DC804', 10, 0, 0),
       ('ba0dee95-b56a-46ea-9f6b-0e1f9f6583d1', '9704c732-972a-4543-a9c2-3d88f06ff2f4', 'DC805', 'DC805', 10, 0, 0),
       ('93b6c4b9-9ee0-4db9-80ab-eced118d4b01', '9704c732-972a-4543-a9c2-3d88f06ff2f4', 'DC806', 'DC806', 10, 0, 0),
       ('fb017224-468d-4d07-8739-b88b66645398', '9704c732-972a-4543-a9c2-3d88f06ff2f4', 'DC807', 'DC807', 10, 0, 0),
       ('11a0c22f-b415-49c0-addc-252c2364a32b', '9704c732-972a-4543-a9c2-3d88f06ff2f4', 'DC808', 'DC808', 10, 0, 0),
       ('eb565be3-58e7-4964-a91b-0efeb2f48998', '9704c732-972a-4543-a9c2-3d88f06ff2f4', 'DC809', 'DC809', 10, 0, 0);


INSERT INTO semester (id, university_id, begin_date, end_date) VALUES
       ('b8178d46-bb55-4179-be35-9f7fbb4a7f17', '9704c732-972a-4543-a9c2-3d88f06ff2f4', '2016-01-01', '2016-06-30'),
       ('f4ed5b17-c38a-484f-881e-be79baa1bab1', '771a5992-63d6-4b80-a145-ab80ea1bc18e', '2016-01-01', '2016-06-30'),
       ('d11f06ff-345d-4f5b-9097-315129a9ca28', '9704c732-972a-4543-a9c2-3d88f06ff2f4', '2016-07-01', '2016-12-31'),
       ('43b091a5-61b8-4448-9f5a-94e5ffcd80b0', '771a5992-63d6-4b80-a145-ab80ea1bc18e', '2016-07-01', '2016-12-31'),
       ('c8d2c20d-ae1b-4606-882f-e8aa1c6cead1', '9704c732-972a-4543-a9c2-3d88f06ff2f4', '2017-01-01', '2017-06-30'),
       ('74e5e393-2326-411f-80a8-b6e12f8baf58', '771a5992-63d6-4b80-a145-ab80ea1bc18e', '2017-01-01', '2017-06-30'),
       ('1c9a20a8-1625-4f1f-ade3-828f831575d8', '9704c732-972a-4543-a9c2-3d88f06ff2f4', '2017-07-01', '2017-12-31'),
       ('13c9a02a-9544-4c05-a8cf-fb2814456ed3', '771a5992-63d6-4b80-a145-ab80ea1bc18e', '2017-07-01', '2017-12-31'),
       ('383bc415-c78a-4cad-8c84-c0b694fa94f1', '9704c732-972a-4543-a9c2-3d88f06ff2f4', '2018-01-01', '2018-06-30'),
       ('85d4752b-a62c-4cf1-938c-dfc51fbc4ea1', '771a5992-63d6-4b80-a145-ab80ea1bc18e', '2018-01-01', '2018-06-30'),
       ('708ca568-20c8-4fe2-ac91-fd6aeffa8bca', '9704c732-972a-4543-a9c2-3d88f06ff2f4', '2018-07-01', '2018-12-31'),
       ('8782882a-7127-447a-ba50-90cc1ec4af76', '771a5992-63d6-4b80-a145-ab80ea1bc18e', '2018-07-01', '2018-12-31'),
       ('2e166f69-0cc4-445b-9600-185f6e35a9e5', '9704c732-972a-4543-a9c2-3d88f06ff2f4', '2019-01-01', '2019-06-30'),
       ('e8c095bc-927e-4573-8ac1-fd095304a3b9', '771a5992-63d6-4b80-a145-ab80ea1bc18e', '2019-01-01', '2019-06-30'),
       ('be3173de-cf3c-4511-8d80-e6123f2e970e', '9704c732-972a-4543-a9c2-3d88f06ff2f4', '2019-07-01', '2019-12-31'),
       ('3b98fdf7-01a6-4363-aad9-4492565b49c3', '771a5992-63d6-4b80-a145-ab80ea1bc18e', '2019-07-01', '2019-12-31');
